1,Riggs,Kayson,1995-02-12,De La Salle University
2,Mclean,Ezra,1986-01-06,De La Salle University
3,Bryan,Whitney,1988-02-05,De La Salle University
4,Ortega,Brycen,2010-08-30,Ateneo de Manila University
5,Alexander,Adele,1988-05-06,Ateneo de Manila University
6,Castro,Sergio,1989-01-28,Ateneo de Manila University
7,Nash,Celeste,2000-12-12,Lyceum of the Philippines University
8,Hoffman,Audrey,1997-11-08,Mapua Institute of Technology
9,Pierce,Bailey,2004-07-11,Mapua Institute of Technology
10,Farmer,Miles,2010-04-08,Mapua Institute of Technology
11,Terry,Messiah,2006-12-12,De La Salle University
12,Osborne,Arabella,1993-09-27,De La Salle University
13,Navarro,Natalee,2005-11-30,De La Salle University
14,Sanchez,April,1999-02-15,De La Salle University
15,Hodge,Jose,2004-11-17,Ateneo de Manila University
16,Marquez,Cannon,2000-07-12,Ateneo de Manila University
17,Pennington,Gunner,1990-10-23,University of Santo Tomas
18,Wiley,Jordan,2007-09-01,University of Santo Tomas
19,Avila,Raven,2008-01-13,De La Salle University
20,Gentry,Ryan,1993-05-04,Mapua Institute of Technology
21,Callahan,Alia,1995-06-23,University of the Philippines
22,Patterson,Tiana,2007-02-17,Lyceum of the Philippines University
23,Gutierrez,Aubri,1989-02-19,University of Santo Tomas
24,Mack,Valentina,1996-05-21,University of Santo Tomas
25,Winters,Darwin,1988-01-14,De La Salle University
26,Spencer,Zain,1986-08-25,De La Salle University
27,Mcneil,Tatiana,1994-08-03,University of Santo Tomas
28,Griffith,Yehuda,1999-08-14,University of the Philippines
29,Rhodes,Cecelia,1992-03-25,Lyceum of the Philippines University
30,Hodge,Olivia,1994-06-26,Lyceum of the Philippines University
31,Sparks,Leslie,1998-09-06,University of the Philippines
32,Lloyd,Hank,1988-06-02,Lyceum of the Philippines University
33,Daniel,Leighton,1993-01-07,Lyceum of the Philippines University
34,Barrera,Madisyn,1996-11-11,University of the Philippines
35,Snow,Priscilla,1989-06-16,Systems Technology Institute
36,De Jesus,Kenzie,1985-07-09,Systems Technology Institute
37,Reese,Braylin,1985-05-10,University of Santo Tomas
38,Gilmore,Major,1995-05-06,University of the Philippines
39,Mccoy,Amiya,1999-09-07,University of the Philippines
40,Chan,Angel,2002-04-03,University of the Philippines
41,Fuentes,Michael,2006-09-09,Lyceum of the Philippines University
42,Carson,Lina,2009-11-12,Systems Technology Institute
43,Joyce,Emilie,1992-10-05,De La Salle University
44,Dennis,Ruben,1998-04-12,Ateneo de Manila University
45,Leach,Ryder,1992-02-25,Ateneo de Manila University
46,Blair,Rihanna,2004-07-25,Systems Technology Institute
47,Rice,Jolene,1990-09-02,Systems Technology Institute
48,Stein,Shelby,1997-03-30,Mapua Institute of Technology
49,Nicholson,Charlee,2004-11-11,Lyceum of the Philippines University
50,Hughes,Breanna,2007-03-09,De La Salle University
51,Chapman,Tate,1995-06-07,Ateneo de Manila University
52,Garrison,Kyndall,1993-10-10,Ateneo de Manila University
53,Warren,April,1995-09-03,Ateneo de Manila University
54,Oconnor,Skylar,1996-09-26,Ateneo de Manila University
55,Ryan,Alaya,1996-04-07,Ateneo de Manila University
56,Cohen,Lawrence,1992-05-20,Ateneo de Manila University
57,Cantu,Marlon,1994-07-17,Ateneo de Manila University
58,Nguyen,Penelope,1998-04-26,Ateneo de Manila University
59,Barrera,Clara,1996-05-14,Ateneo de Manila University
60,Dickson,Will,1997-07-15,Ateneo de Manila University
61,Atkinson,Sarai,1994-08-08,Ateneo de Manila University
62,Roach,Mia,1998-12-25,Ateneo de Manila University
63,Johnson,Skyla,1998-04-30,Ateneo de Manila University
64,Noel,Elyse,1995-06-05,Ateneo de Manila University
65,Burns,Madison,1997-04-20,Ateneo de Manila University
66,Warner,Lilliana,1996-03-13,Ateneo de Manila University
67,Joyner,Branson,1994-06-16,Ateneo de Manila University
68,Rivas,Stella,1996-05-12,Ateneo de Manila University
69,Clayton,Marc,1998-01-05,Ateneo de Manila University
70,Barnes,Dax,1994-08-19,Ateneo de Manila University
71,Lloyd,Vanessa,1998-09-22,Ateneo de Manila University
72,Cummings,Erica,1995-02-09,Ateneo de Manila University
73,Garcia,Clark,1998-07-08,Ateneo de Manila University
74,Franco,Bruce,1992-07-02,Ateneo de Manila University
75,Collier,Chana,1993-03-28,Ateneo de Manila University
76,Underwood,Mitchell,1994-06-14,Ateneo de Manila University
77,Sweet,Annabelle,1995-09-18,Ateneo de Manila University
78,Sims,Morgan,1993-11-12,Ateneo de Manila University
79,Hurley,Dylan,1996-06-18,Ateneo de Manila University
80,Pearson,Michelle,1994-02-03,Ateneo de Manila University
81,Cervantes,Lillianna,1995-04-11,Ateneo de Manila University
82,Conrad,Kenzie,1995-04-20,Ateneo de Manila University
83,Walter,Vincent,1996-11-19,Ateneo de Manila University
84,Dalton,Enrique,1996-03-11,Ateneo de Manila University
85,Mcclain,Scarlet,1994-06-13,Ateneo de Manila University
86,Church,Alyson,1996-04-20,Ateneo de Manila University
87,Dixon,Abel,1996-11-09,Ateneo de Manila University
88,Melton,Callan,1993-11-26,Ateneo de Manila University
89,Wade,Chase,1994-04-13,Ateneo de Manila University
90,Wilkins,Amya,1992-07-12,Ateneo de Manila University
91,Moreno,Luciano,1994-10-01,Ateneo de Manila University
92,Pittman,Shaniya,1994-06-22,Ateneo de Manila University
93,Snyder,Danika,1996-09-14,Ateneo de Manila University
94,Ward,Grayson,1998-01-11,Ateneo de Manila University
95,Odom,Rex,1998-07-27,Ateneo de Manila University
96,Wright,Makayla,1998-12-03,Ateneo de Manila University
97,Dominguez,Kamron,1998-01-15,Ateneo de Manila University
98,Kaufman,Dominik,1996-02-09,Ateneo de Manila University
99,Booker,Kylan,1995-05-12,Ateneo de Manila University
100,Mcneil,Demarcus,1997-07-04,Ateneo de Manila University
101,Collier,Jagger,1996-12-11,Ateneo de Manila University
102,Stephens,Amelia,1996-07-17,Ateneo de Manila University
103,Pickett,Halle,1998-12-12,Ateneo de Manila University
104,Workman,Jade,1992-12-27,Ateneo de Manila University
105,Figueroa,Brycen,1993-09-12,Ateneo de Manila University
106,Poole,Stacy,1998-06-15,Ateneo de Manila University
107,Gibson,April,1996-02-22,Ateneo de Manila University
108,Cain,Kyra,1994-06-08,Ateneo de Manila University
109,Shields,Fabian,1994-01-28,Ateneo de Manila University
110,Pickett,Armando,1997-09-17,Ateneo de Manila University
111,Craft,Zion,1992-10-14,Ateneo de Manila University
112,Mullins,Ayaan,1996-03-31,Ateneo de Manila University
113,Graham,Marisol,1995-02-26,Ateneo de Manila University
114,Chavez,Titus,1993-08-04,Ateneo de Manila University
115,Sutton,Giancarlo,1997-08-13,Ateneo de Manila University
116,Sandoval,Sebastian,1996-02-25,Ateneo de Manila University
117,Adams,Mustafa,1994-01-03,Ateneo de Manila University
118,Simon,Logan,1997-07-30,Ateneo de Manila University
119,Koch,Raquel,1997-12-28,Ateneo de Manila University
120,Gomez,Hugo,1995-06-17,Ateneo de Manila University
121,Farrell,Colin,1992-04-19,Ateneo de Manila University
122,Conley,Yahir,1995-05-04,Ateneo de Manila University
123,Stout,Cali,1998-01-10,Ateneo de Manila University
124,Pierce,Enzo,1994-10-29,Ateneo de Manila University
125,Goff,Malia,1992-07-19,Ateneo de Manila University
126,Palmer,Myles,1997-05-16,Ateneo de Manila University
127,Montoya,Briella,1996-01-07,Ateneo de Manila University
128,Macias,Alessandro,1993-03-05,Ateneo de Manila University
129,Crosby,Malcolm,1994-05-24,Ateneo de Manila University
130,Andrews,Makayla,1997-08-13,Ateneo de Manila University
131,Nash,Kody,1995-12-17,Ateneo de Manila University
132,Anthony,Aidan,1993-05-09,Ateneo de Manila University
133,Jenkins,Brenden,1992-10-08,Ateneo de Manila University
134,Guy,Leo,1992-04-10,Ateneo de Manila University
135,Wilder,Simon,1997-04-06,Ateneo de Manila University
136,Blake,Haven,1992-05-19,Ateneo de Manila University
137,Dotson,Jasmin,1998-04-21,Ateneo de Manila University
138,Farley,Otto,1994-03-09,Ateneo de Manila University
139,Frederick,Nathanael,1994-08-05,Ateneo de Manila University
140,Roman,Emersyn,1998-03-25,Ateneo de Manila University
141,Compton,Sarahi,1995-08-07,Ateneo de Manila University
142,Burt,Steve,1994-10-31,Ateneo de Manila University
143,Stark,Coleman,1997-08-22,Ateneo de Manila University
144,Blevins,Mason,1997-07-10,Ateneo de Manila University
145,Mcknight,Ayanna,1994-12-06,Ateneo de Manila University
146,Kent,Cole,1993-05-12,Ateneo de Manila University
147,Madden,Jordyn,1993-05-29,Ateneo de Manila University
148,Nelson,Adelaide,1996-07-26,Ateneo de Manila University
149,England,Kinsey,1997-08-17,Ateneo de Manila University
150,Dillon,Ashlynn,1992-12-16,Ateneo de Manila University
151,Bright,Marissa,1993-09-05,Ateneo de Manila University
152,Carpenter,Paisley,1994-06-30,Ateneo de Manila University
153,Carrillo,Aliyah,1993-06-01,Ateneo de Manila University
154,Hodges,Ishaan,1995-05-25,Ateneo de Manila University
155,Carroll,Brody,1995-07-20,Ateneo de Manila University
156,Mccray,Holly,1995-09-07,Ateneo de Manila University
157,Lynch,Delilah,1994-03-30,Ateneo de Manila University
158,Roman,Rayna,1995-01-23,Ateneo de Manila University
159,Wilkins,Payten,1994-09-04,Ateneo de Manila University
160,Owen,Amari,1994-12-12,Ateneo de Manila University
161,Warren,Dennis,1996-10-14,Ateneo de Manila University
162,Wilcox,Paityn,1996-12-16,Ateneo de Manila University
163,Whitehead,Jaydin,1992-07-14,Ateneo de Manila University
164,Hurley,Rowen,1992-07-01,Ateneo de Manila University
165,Mcgowan,Emely,1995-01-04,Ateneo de Manila University
166,Shaffer,Alexis,1997-11-12,Ateneo de Manila University
167,Delacruz,Jaylyn,1996-07-29,Ateneo de Manila University
168,Garza,Kaelynn,1996-05-10,Ateneo de Manila University
169,Fernandez,Leanna,1992-01-27,Ateneo de Manila University
170,Vaughn,Elena,1996-06-06,Ateneo de Manila University
171,Benjamin,Gia,1995-01-01,Ateneo de Manila University
172,Parsons,Natalie,1992-01-08,Ateneo de Manila University
173,Jennings,Vivienne,1994-07-12,Ateneo de Manila University
174,Smith,Kayden,1998-12-15,Ateneo de Manila University
175,Wilder,Lylah,1995-03-19,Ateneo de Manila University
176,Sloan,Jaxson,1993-02-20,Ateneo de Manila University
177,Grimes,Roy,1993-08-12,Ateneo de Manila University
178,Jacobs,Bradyn,1993-11-05,Ateneo de Manila University
179,Holden,Abdiel,1997-03-21,Ateneo de Manila University
180,Mcknight,Cecelia,1996-04-24,Ateneo de Manila University
181,Foster,Lucy,1995-07-19,Ateneo de Manila University
182,Golden,Bradley,1998-01-29,Ateneo de Manila University
183,Wilcox,Jordynn,1998-12-03,Ateneo de Manila University
184,Sawyer,Jaylynn,1995-11-17,Ateneo de Manila University
185,Baker,Franco,1992-03-30,Ateneo de Manila University
186,Frye,Zaiden,1996-08-09,Ateneo de Manila University
187,Vaughan,Kason,1994-11-01,Ateneo de Manila University
188,Jacobs,Kaya,1996-06-21,Ateneo de Manila University
189,Mckenzie,Kolby,1993-04-22,Ateneo de Manila University
190,Phelps,Aydan,1995-01-07,Ateneo de Manila University
191,Valdez,Salvador,1992-05-31,Ateneo de Manila University
192,Livingston,Alisson,1998-07-14,Ateneo de Manila University
193,Gay,Evelynn,1994-06-24,Ateneo de Manila University
194,Fulton,Haven,1993-09-18,Ateneo de Manila University
195,Wade,Noah,1994-01-15,Ateneo de Manila University
196,Alvarado,Bridger,1998-09-02,Ateneo de Manila University
197,Maldonado,Gloria,1996-12-07,Ateneo de Manila University
198,Sherman,Layton,1994-02-08,Ateneo de Manila University
199,Harper,Malia,1994-09-16,Ateneo de Manila University
200,Williams,Desmond,1992-08-03,Ateneo de Manila University
201,Martin,Jamison,1994-11-17,Ateneo de Manila University
202,Stuart,Anya,1993-08-08,Ateneo de Manila University
203,Franco,Alden,1993-02-17,Ateneo de Manila University
204,Workman,Draven,1993-03-08,Ateneo de Manila University
205,Deleon,Armani,1993-10-15,Ateneo de Manila University
206,Cannon,Sean,1993-04-12,Ateneo de Manila University
207,Owen,Paige,1992-09-05,Ateneo de Manila University
208,Jacobs,Madelyn,1994-12-15,Ateneo de Manila University
209,Hyde,Kasen,1992-04-04,Ateneo de Manila University
210,Ballard,Tristian,1998-12-21,Ateneo de Manila University
211,Daugherty,Casey,1998-01-03,Ateneo de Manila University
212,Stevens,Stacy,1998-09-14,Ateneo de Manila University
213,Robertson,Ishaan,1992-08-04,Ateneo de Manila University
214,Todd,Abbey,1995-11-28,Ateneo de Manila University
215,Craig,Mollie,1998-03-02,Ateneo de Manila University
216,Ball,Robert,1996-01-17,Ateneo de Manila University
217,Barker,Rey,1995-09-01,Ateneo de Manila University
218,Jarvis,Brynlee,1995-06-17,Ateneo de Manila University
219,Duncan,Fiona,1996-11-21,Ateneo de Manila University
220,Gibson,Edgar,1995-11-23,Ateneo de Manila University
221,Patterson,Scarlet,1998-12-22,Ateneo de Manila University
222,Mays,Lina,1997-04-13,Ateneo de Manila University
223,Cantu,Annie,1997-06-11,Ateneo de Manila University
224,Carney,Lylah,1994-07-17,Ateneo de Manila University
225,Owens,Paisley,1998-09-30,Ateneo de Manila University
226,Craft,Maxx,1998-03-01,Ateneo de Manila University
227,Short,Camden,1995-10-19,Ateneo de Manila University
228,Morgan,Joe,1993-04-08,Ateneo de Manila University
229,Kirk,Lorenzo,1993-06-04,Ateneo de Manila University
230,Lara,Tyler,1998-06-19,Ateneo de Manila University
231,Leon,Damon,1992-07-23,Ateneo de Manila University
232,Oneill,Coen,1998-12-04,Ateneo de Manila University
233,Cortez,Joyce,1995-01-30,Ateneo de Manila University
234,Davenport,Darwin,1992-06-30,Ateneo de Manila University
235,Elliott,Ayleen,1996-04-06,Ateneo de Manila University
236,Atkins,Yosef,1996-07-01,Ateneo de Manila University
237,Church,Cooper,1997-12-04,Ateneo de Manila University
238,Yang,Andres,1994-12-08,Ateneo de Manila University
239,Dalton,Kendra,1993-10-22,Ateneo de Manila University
240,Suarez,Clara,1997-03-18,Ateneo de Manila University
241,Conley,Harley,1992-07-30,Ateneo de Manila University
242,Hansen,Samir,1993-07-24,Ateneo de Manila University
243,Kerr,Leo,1993-09-08,Ateneo de Manila University
244,Faulkner,John,1997-02-26,Ateneo de Manila University
245,Baird,Matilda,1993-11-08,Ateneo de Manila University
246,Mcmahon,Cristian,1993-04-08,Ateneo de Manila University
247,Williamson,Deborah,1998-02-08,Ateneo de Manila University
248,Church,Jayde,1995-08-28,Ateneo de Manila University
249,Leach,Zayden,1996-10-28,Ateneo de Manila University
250,Maddox,Lainey,1994-03-22,Ateneo de Manila University
251,Harrington,Lucille,1998-05-26,Ateneo de Manila University
252,Cox,Bristol,1998-01-03,Ateneo de Manila University
253,Booth,Case,1995-10-05,Ateneo de Manila University
254,Dean,Alvin,1993-06-18,Ateneo de Manila University
255,Salazar,Keenan,1992-02-21,Ateneo de Manila University
256,Ferrell,Kamari,1992-10-14,Ateneo de Manila University
257,Coleman,Rory,1994-03-05,Ateneo de Manila University
258,Hampton,Kimber,1996-10-15,Ateneo de Manila University
259,Becker,Zander,1994-07-21,Ateneo de Manila University
260,Avila,Tatum,1993-07-15,Ateneo de Manila University
261,Reeves,Messiah,1996-04-11,Ateneo de Manila University
262,Reynolds,Gilbert,1995-02-23,Ateneo de Manila University
263,Crane,Pierre,1995-08-05,Ateneo de Manila University
264,Knight,Audrianna,1995-10-19,Ateneo de Manila University
265,Jordan,Eliseo,1995-08-09,Ateneo de Manila University
266,Pate,Penelope,1992-06-28,Ateneo de Manila University
267,Rogers,Kendal,1998-10-27,Ateneo de Manila University
268,Gilliam,Jackson,1995-01-24,Ateneo de Manila University
269,Blackburn,Jasmin,1993-10-12,Ateneo de Manila University
270,Rodriguez,Aleena,1994-12-24,Ateneo de Manila University
271,Schultz,Jermaine,1995-05-21,Ateneo de Manila University
272,Weber,Julie,1995-10-14,Ateneo de Manila University
273,Oneal,Kylah,1996-01-17,Ateneo de Manila University
274,Puckett,Zion,1995-02-08,Ateneo de Manila University
275,Lynn,Kamden,1995-09-14,Ateneo de Manila University
276,Blevins,Jaden,1994-11-09,Ateneo de Manila University
277,Hodge,Jay,1997-07-03,Ateneo de Manila University
278,Mcfadden,Kendal,1992-11-27,Ateneo de Manila University
279,Branch,Mallory,1994-12-08,Ateneo de Manila University
280,Dickerson,Saniyah,1993-02-14,Ateneo de Manila University
281,Hays,Brendan,1998-06-11,Ateneo de Manila University
282,Meyers,Cooper,1992-06-26,Ateneo de Manila University
283,Perez,Renee,1993-05-26,Ateneo de Manila University
284,Barnes,Dallas,1993-04-20,Ateneo de Manila University
285,Livingston,Annabella,1993-05-01,Ateneo de Manila University
286,Delgado,Jeffery,1998-10-11,Ateneo de Manila University
287,Buckley,Katie,1997-08-06,Ateneo de Manila University
288,Harvey,Blake,1994-04-20,Ateneo de Manila University
289,Dodson,Zaniyah,1995-04-16,Ateneo de Manila University
290,Jennings,Madeline,1992-03-10,Ateneo de Manila University
291,Holden,Bridger,1996-02-11,Ateneo de Manila University
292,Foreman,Leigha,1996-10-12,Ateneo de Manila University
293,Collins,Dawson,1997-04-21,Ateneo de Manila University
294,Graham,Kyla,1998-10-29,Ateneo de Manila University
295,Mason,Kendal,1994-05-25,Ateneo de Manila University
296,Avila,Bradley,1995-01-22,Ateneo de Manila University
297,Ashley,Maximus,1993-03-23,Ateneo de Manila University
298,Cantu,Brooklynn,1996-11-09,Ateneo de Manila University
299,Watson,Luke,1992-01-27,Ateneo de Manila University
300,Mathews,Millie,1992-06-10,Ateneo de Manila University
301,Carpenter,Zachery,1994-02-02,Ateneo de Manila University
302,Long,Dario,1995-07-31,Ateneo de Manila University
303,Carson,Liliana,1998-12-03,Ateneo de Manila University
304,Decker,Rowan,1995-09-11,Ateneo de Manila University
305,Stein,Regan,1995-02-18,Ateneo de Manila University
306,Hewitt,Diya,1992-10-01,Ateneo de Manila University
307,Bruce,Anderson,1998-02-05,Ateneo de Manila University
308,Bradley,Camren,1992-12-19,Ateneo de Manila University
309,Greene,Kaitlynn,1997-09-25,Ateneo de Manila University
310,Powell,Davon,1994-07-31,Ateneo de Manila University
311,Head,Connor,1992-12-06,Ateneo de Manila University
312,Ayers,Cooper,1992-10-03,Ateneo de Manila University
313,Roman,Evelynn,1995-10-04,Ateneo de Manila University
314,Parrish,Maya,1998-07-15,Ateneo de Manila University
315,Peters,Carley,1994-01-19,Ateneo de Manila University
316,Mercado,Kenley,1998-12-29,Ateneo de Manila University
317,Reyes,Makayla,1994-11-29,Ateneo de Manila University
318,Hawkins,Kyson,1992-04-30,Ateneo de Manila University
319,Harding,Tyrone,1995-08-06,Ateneo de Manila University
320,Morrison,Santiago,1993-10-02,Ateneo de Manila University
321,Ortega,Brendon,1998-05-28,Ateneo de Manila University
322,Byers,Aubri,1996-11-10,Ateneo de Manila University
323,Larson,Marissa,1998-01-31,Ateneo de Manila University
324,Burgess,Raven,1998-03-30,Ateneo de Manila University
325,Pollard,Micah,1998-01-03,Ateneo de Manila University
326,Heath,Caylee,1994-08-20,Ateneo de Manila University
327,Sawyer,Emelia,1992-05-10,Ateneo de Manila University
328,Alvarez,Charles,1996-09-06,Ateneo de Manila University
329,Alvarado,Brendon,1998-10-02,Ateneo de Manila University
330,Duffy,Leanna,1997-03-28,Ateneo de Manila University
331,Green,Sabrina,1996-10-25,Ateneo de Manila University
332,Glass,Violet,1994-07-02,Ateneo de Manila University
333,Oliver,Kamden,1998-01-24,Ateneo de Manila University
334,Frost,Siena,1994-05-26,Ateneo de Manila University
335,Preston,Skylar,1997-12-02,Ateneo de Manila University
336,Morin,Raymond,1995-11-02,Ateneo de Manila University
337,Carlson,Samson,1995-06-07,Ateneo de Manila University
338,Bowers,Bryce,1994-01-04,Ateneo de Manila University
339,Chambers,Kimberly,1997-03-18,Ateneo de Manila University
340,Allen,Phoenix,1995-08-22,Ateneo de Manila University
341,Nielsen,Brynlee,1994-08-09,Ateneo de Manila University
342,Wilkins,Noemi,1998-09-03,Ateneo de Manila University
343,Whitaker,Emily,1998-04-17,Ateneo de Manila University
344,Drake,Brooke,1994-05-13,Ateneo de Manila University
345,Patrick,Thaddeus,1997-06-30,Ateneo de Manila University
346,Brock,Cannon,1992-04-27,Ateneo de Manila University
347,Alexander,Ciara,1994-11-11,Ateneo de Manila University
348,Reeves,Drew,1996-04-20,Ateneo de Manila University
349,Brewer,Aleah,1992-06-10,Ateneo de Manila University
350,Coffey,Sariyah,1996-12-30,Ateneo de Manila University
351,Harris,Camden,1996-12-03,Ateneo de Manila University
352,Madden,Lilianna,1993-11-09,Ateneo de Manila University
353,Marks,Terry,1997-01-21,Ateneo de Manila University
354,Contreras,Lance,1993-03-24,Ateneo de Manila University
355,Sanford,Cecelia,1997-05-02,Ateneo de Manila University
356,Yang,Maleah,1996-03-26,Ateneo de Manila University
357,Jacobson,Drake,1998-02-11,Ateneo de Manila University
358,Fisher,Sarah,1992-01-17,Ateneo de Manila University
359,Stout,Braylee,1993-04-17,Ateneo de Manila University
360,Kelly,Juliana,1998-06-18,Ateneo de Manila University
361,Workman,Blaze,1998-10-16,Ateneo de Manila University
362,Todd,Lewis,1998-08-16,Ateneo de Manila University
363,Campbell,Hank,1996-07-17,Ateneo de Manila University
364,Payne,Pablo,1997-11-02,Ateneo de Manila University
365,Miranda,Edith,1995-03-17,Ateneo de Manila University
366,Yang,Randall,1996-02-07,Ateneo de Manila University
367,Rosa,Lilia,1997-07-19,Ateneo de Manila University
368,Robertson,Jessie,1993-04-29,Ateneo de Manila University
369,Griffith,Scarlet,1992-05-17,Ateneo de Manila University
370,Fox,Kayden,1992-02-27,Ateneo de Manila University
371,Payne,Sincere,1993-02-14,Ateneo de Manila University
372,Farrell,Luka,1997-12-27,Ateneo de Manila University
373,Neal,Darius,1992-04-04,Ateneo de Manila University
374,Torres,Miller,1997-05-21,Ateneo de Manila University
375,Daniel,Jazlynn,1997-02-11,Ateneo de Manila University
376,Donaldson,Jerimiah,1994-05-29,Ateneo de Manila University
377,Cote,Justus,1995-11-21,Ateneo de Manila University
378,Carlson,Quinton,1992-11-21,Ateneo de Manila University
379,Compton,Jorden,1994-06-25,Ateneo de Manila University
380,Cooke,Kieran,1993-03-06,Ateneo de Manila University
381,Williamson,Jeremy,1997-12-08,Ateneo de Manila University
382,Clark,Jaden,1998-12-17,Ateneo de Manila University
383,Gonzales,America,1998-05-05,Ateneo de Manila University
384,Nelson,Tanner,1995-02-20,Ateneo de Manila University
385,Mccoy,Melissa,1995-03-20,Ateneo de Manila University
386,Jones,Emanuel,1995-01-26,Ateneo de Manila University
387,Villarreal,Aria,1998-11-27,Ateneo de Manila University
388,Velazquez,Cedric,1996-10-31,Ateneo de Manila University
389,Sweet,Derrick,1998-03-25,Ateneo de Manila University
390,Boone,Joshua,1992-10-03,Ateneo de Manila University
391,Saunders,Chanel,1994-07-08,Ateneo de Manila University
392,Griffith,Reagan,1994-09-28,Ateneo de Manila University
393,Hendricks,Jovanni,1997-01-17,Ateneo de Manila University
394,Kramer,Sebastian,1994-09-19,Ateneo de Manila University
395,Henson,Miguel,1998-04-02,Ateneo de Manila University
396,England,Finley,1996-07-31,Ateneo de Manila University
397,Bernard,Alison,1993-06-12,Ateneo de Manila University
398,Maynard,Cali,1997-07-12,Ateneo de Manila University
399,Brooks,Tia,1992-08-05,Ateneo de Manila University
400,Becker,Muhammad,1994-11-14,Ateneo de Manila University
401,Gentry,Miriam,1992-07-24,Ateneo de Manila University
402,Richmond,Lincoln,1994-02-26,Ateneo de Manila University
403,Sweeney,Reid,1994-11-20,Ateneo de Manila University
404,Abbott,Gia,1997-04-28,Ateneo de Manila University
405,Roberts,Denise,1996-02-06,Ateneo de Manila University
406,Fleming,Lacey,1992-05-04,Ateneo de Manila University
407,Logan,Imani,1995-09-11,Ateneo de Manila University
408,Holloway,Kellan,1994-11-23,Ateneo de Manila University
409,Duke,Rosalie,1993-11-06,Ateneo de Manila University
410,Tillman,Crystal,1992-05-20,Ateneo de Manila University
411,Middleton,Lamar,1992-07-30,Ateneo de Manila University
412,Hale,Kyson,1997-08-05,Ateneo de Manila University
413,Sweet,Karson,1997-10-08,Ateneo de Manila University
414,Walters,Hayden,1998-03-28,Ateneo de Manila University
415,Buckner,Charli,1995-11-10,Ateneo de Manila University
416,Tran,Aubri,1994-09-22,Ateneo de Manila University
417,Mcgee,Gavyn,1992-08-11,Ateneo de Manila University
418,Prince,Temperance,1998-08-07,Ateneo de Manila University
419,Riddle,Cameron,1993-09-23,Ateneo de Manila University
420,Hurst,Alexander,1998-09-10,Ateneo de Manila University
421,Miller,Briley,1996-06-13,Ateneo de Manila University
422,Duncan,Cecilia,1996-12-05,Ateneo de Manila University
423,Osborn,Malaya,1995-01-26,Ateneo de Manila University
424,Long,Bronson,1992-06-25,Ateneo de Manila University
425,Dodson,Draven,1992-08-24,Ateneo de Manila University
426,Hood,Jenny,1992-03-28,Ateneo de Manila University
427,Cardenas,Royce,1997-02-04,Ateneo de Manila University
428,Sloan,Gage,1994-08-22,Ateneo de Manila University
429,Zamora,Zion,1997-10-15,Ateneo de Manila University
430,Moreno,Jacob,1996-10-01,Ateneo de Manila University
431,Stout,Jaydin,1996-03-09,Ateneo de Manila University
432,Grant,Willow,1992-09-06,Ateneo de Manila University
433,Marshall,Cohen,1994-07-03,Ateneo de Manila University
434,Floyd,Larry,1994-09-30,Ateneo de Manila University
435,Chandler,Tatum,1995-07-11,Ateneo de Manila University
436,Park,Layton,1992-02-15,Ateneo de Manila University
437,Hendricks,Brendan,1997-10-05,Ateneo de Manila University
438,Cochran,Maximiliano,1995-06-26,Ateneo de Manila University
439,Lowery,Cesar,1998-03-21,Ateneo de Manila University
440,Bryant,Bryleigh,1997-01-01,Ateneo de Manila University
441,Medina,Leia,1996-05-15,Ateneo de Manila University
442,Hurley,Urijah,1993-02-27,Ateneo de Manila University
443,Ramos,Darien,1993-06-17,Ateneo de Manila University
444,Thomas,Matthias,1996-07-28,Ateneo de Manila University
445,Murray,Kadence,1996-03-27,Ateneo de Manila University
446,Stevenson,Miguel,1998-08-28,Ateneo de Manila University
447,Little,Ray,1995-11-14,Ateneo de Manila University
448,Acevedo,Mae,1998-09-18,Ateneo de Manila University
449,Wells,Theodore,1994-10-09,Ateneo de Manila University
450,Munoz,Abraham,1995-07-07,Ateneo de Manila University
451,Gibson,Gaige,1993-11-25,Ateneo de Manila University
452,Nixon,Selah,1993-12-29,Ateneo de Manila University
453,Roth,Kade,1995-12-09,Ateneo de Manila University
454,Barton,Heath,1992-01-07,Ateneo de Manila University
455,Berry,Julien,1997-02-22,Ateneo de Manila University
456,Strong,Weston,1996-07-28,Ateneo de Manila University
457,Livingston,Tristin,1998-08-22,Ateneo de Manila University
458,Nixon,Milagros,1995-08-06,Ateneo de Manila University
459,Kane,Brycen,1992-07-16,Ateneo de Manila University
460,Colon,Lukas,1994-10-14,Ateneo de Manila University
461,Chaney,Janae,1996-03-23,Ateneo de Manila University
462,Weber,Kamari,1996-01-08,Ateneo de Manila University
463,Bauer,Enoch,1997-04-30,Ateneo de Manila University
464,Yang,Jayde,1997-02-25,Ateneo de Manila University
465,Tanner,Xzavier,1992-07-26,Ateneo de Manila University
466,Clemons,Diana,1996-09-03,Ateneo de Manila University
467,Dixon,Todd,1993-04-22,Ateneo de Manila University
468,Hurst,Malia,1994-05-04,Ateneo de Manila University
469,Mcmillan,Brendon,1993-10-16,Ateneo de Manila University
470,Sargent,Camila,1995-10-19,Ateneo de Manila University
471,Church,Brooke,1996-04-22,Ateneo de Manila University
472,Finley,Brian,1998-09-16,Ateneo de Manila University
473,Whitley,Aliza,1998-10-15,Ateneo de Manila University
474,Black,Manuel,1995-09-02,Ateneo de Manila University
475,Carr,Dakota,1997-11-20,Ateneo de Manila University
476,Allison,Lea,1993-03-03,Ateneo de Manila University
477,Jimenez,Hadassah,1993-09-12,Ateneo de Manila University
478,Hodges,Laylah,1997-06-13,Ateneo de Manila University
479,Freeman,Sam,1998-03-16,Ateneo de Manila University
480,Pace,Alyssa,1997-05-29,Ateneo de Manila University
481,Willis,Ronan,1995-04-17,Ateneo de Manila University
482,Haney,Haiden,1995-07-15,Ateneo de Manila University
483,Barron,Jared,1993-02-21,Ateneo de Manila University
484,Downs,Alvaro,1994-01-15,Ateneo de Manila University
485,Harmon,Amani,1996-06-05,Ateneo de Manila University
486,Nielsen,Carson,1998-01-18,Ateneo de Manila University
487,Lindsey,Xander,1995-06-15,Ateneo de Manila University
488,Noel,Adele,1998-04-01,Ateneo de Manila University
489,Foley,Maxx,1997-01-08,Ateneo de Manila University
490,William,Haven,1996-12-06,Ateneo de Manila University
491,Donovan,Alexandra,1997-12-16,Ateneo de Manila University
492,George,Heidi,1997-08-30,Ateneo de Manila University
493,Norris,Aimee,1997-04-29,Ateneo de Manila University
494,Medina,Kellen,1998-10-04,Ateneo de Manila University
495,Merritt,Ashtyn,1998-09-29,Ateneo de Manila University
496,Raymond,Chanel,1992-04-08,Ateneo de Manila University
497,Skinner,Kaia,1992-02-22,Ateneo de Manila University
498,Foster,Isabella,1997-08-24,Ateneo de Manila University
499,Oneil,Sherlyn,1995-08-09,Ateneo de Manila University
500,Byrd,Armani,1996-07-07,Ateneo de Manila University
501,Padilla,Lily,1996-12-14,Ateneo de Manila University
502,Hernandez,Preston,1994-05-31,Ateneo de Manila University
503,Holt,Savanna,1994-09-11,Ateneo de Manila University
504,Fitzgerald,Jacob,1995-06-19,Ateneo de Manila University
505,Graham,Moses,1993-11-20,Ateneo de Manila University
506,Ford,Aurora,1997-08-24,Ateneo de Manila University
507,Mcmillan,Beckett,1998-05-18,Ateneo de Manila University
508,Reid,Quinton,1995-11-23,Ateneo de Manila University
509,Ruiz,Ivan,1997-08-02,Ateneo de Manila University
510,Harding,Madelynn,1997-06-11,Ateneo de Manila University
511,Wong,Johan,1993-07-21,Ateneo de Manila University
512,Donovan,Mike,1997-03-07,Ateneo de Manila University
513,Marshall,Amiyah,1996-10-07,Ateneo de Manila University
514,Ward,Henry,1992-05-21,Ateneo de Manila University
515,Grant,Abram,1995-04-27,Ateneo de Manila University
516,Blackwell,Ellis,1995-12-10,Ateneo de Manila University
517,Garza,Fabian,1995-12-09,Ateneo de Manila University
518,Mckinney,Gemma,1993-02-26,Ateneo de Manila University
519,Tillman,Carley,1995-12-26,Ateneo de Manila University
520,Warren,Aubree,1992-08-25,Ateneo de Manila University
521,Aguilar,Isaac,1992-12-08,Ateneo de Manila University
522,Coffey,Alfredo,1996-07-10,Ateneo de Manila University
523,Roy,Keith,1992-11-21,Ateneo de Manila University
524,Pate,Cade,1993-06-12,Ateneo de Manila University
525,Cardenas,Boston,1995-10-20,Ateneo de Manila University
526,Boyer,Aryan,1993-12-31,Ateneo de Manila University
527,Diaz,Coen,1996-09-01,Ateneo de Manila University
528,Berry,Tara,1994-10-01,Ateneo de Manila University
529,Ballard,Nash,1995-12-26,Ateneo de Manila University
530,Black,Samuel,1993-05-14,Ateneo de Manila University
531,Rose,Dangelo,1995-10-03,Ateneo de Manila University
532,Hooper,Cayson,1995-01-26,Ateneo de Manila University
533,Clayton,Lennox,1992-12-29,Ateneo de Manila University
534,Huber,Bailee,1993-09-25,Ateneo de Manila University
535,Mercer,Sasha,1993-01-04,Ateneo de Manila University
536,Hutchinson,Mariam,1997-12-19,Ateneo de Manila University
537,Tillman,Ben,1997-09-05,Ateneo de Manila University
538,Jefferson,Edwin,1993-10-14,Ateneo de Manila University
539,Scott,Edwin,1993-08-27,Ateneo de Manila University
540,Washington,Jordan,1997-07-07,Ateneo de Manila University
541,Conner,Rodney,1994-12-18,Ateneo de Manila University
542,Guerrero,Jacob,1992-12-28,Ateneo de Manila University
543,Mccall,Jax,1998-12-14,Ateneo de Manila University
544,Berg,Landon,1994-02-23,Ateneo de Manila University
545,Mejia,Eve,1995-06-27,Ateneo de Manila University
546,Russo,Dorothy,1993-06-28,Ateneo de Manila University
547,Bush,Frank,1993-11-22,Ateneo de Manila University
548,Pope,Gage,1995-06-04,Ateneo de Manila University
549,Ross,Alexzander,1996-08-08,Ateneo de Manila University
550,Mason,Kamden,1992-02-28,Ateneo de Manila University
551,Gates,Princeton,1996-03-01,Ateneo de Manila University
552,Guthrie,Alfonso,1993-10-24,Ateneo de Manila University
553,Nash,Jax,1994-08-13,Ateneo de Manila University
554,Tucker,Jason,1993-02-03,Ateneo de Manila University
555,Wolfe,Gauge,1997-09-19,Ateneo de Manila University
556,Mcdaniel,Hendrix,1992-07-02,Ateneo de Manila University
557,Greer,Bobby,1994-10-22,Ateneo de Manila University
558,Mckay,Grace,1993-01-21,Ateneo de Manila University
559,Mosley,Tia,1992-10-13,Ateneo de Manila University
560,Dawson,Deangelo,1992-07-27,Ateneo de Manila University
561,English,Stephanie,1997-04-18,Ateneo de Manila University
562,Mcgowan,Demi,1993-08-15,Ateneo de Manila University
563,Figueroa,Elyse,1993-10-09,Ateneo de Manila University
564,Bowers,Jagger,1993-08-11,Ateneo de Manila University
565,Lowery,Luciano,1993-01-06,Ateneo de Manila University
566,Copeland,Laura,1992-06-14,Ateneo de Manila University
567,Davis,Addilyn,1997-06-23,Ateneo de Manila University
568,Bennett,Annabelle,1994-09-02,Ateneo de Manila University
569,Bullock,Abigail,1996-12-22,Ateneo de Manila University
570,Chandler,Bridger,1998-04-09,Ateneo de Manila University
571,Waller,Iris,1992-11-19,Ateneo de Manila University
572,Jenkins,Haiden,1992-07-31,Ateneo de Manila University
573,Page,Hanna,1992-02-22,Ateneo de Manila University
574,Sellers,Kasen,1995-05-31,Ateneo de Manila University
575,Berry,Triston,1997-08-16,Ateneo de Manila University
576,Livingston,Helena,1995-05-02,Ateneo de Manila University
577,Mcmahon,Alaya,1997-08-21,Ateneo de Manila University
578,Herrera,Sasha,1996-06-26,Ateneo de Manila University
579,Abbott,Cherish,1993-04-01,Ateneo de Manila University
580,Wilkinson,Zachary,1993-02-18,Ateneo de Manila University
581,Sosa,Rebecca,1995-04-22,Ateneo de Manila University
582,Thornton,Aryana,1998-10-19,Ateneo de Manila University
583,Leon,Beatrice,1998-02-26,Ateneo de Manila University
584,Alvarez,Channing,1997-07-24,Ateneo de Manila University
585,Gray,Raina,1992-08-11,Ateneo de Manila University
586,Clemons,Isabel,1993-07-11,Ateneo de Manila University
587,Mckay,Ansley,1995-01-22,Ateneo de Manila University
588,Hewitt,Natalie,1998-06-28,Ateneo de Manila University
589,Shields,Drew,1997-11-02,Ateneo de Manila University
590,Allison,Pamela,1998-05-23,Ateneo de Manila University
591,Farley,Steven,1998-11-14,Ateneo de Manila University
592,Buck,Maxx,1993-02-18,Ateneo de Manila University
593,Cobb,Gabrielle,1993-09-25,Ateneo de Manila University
594,Dodson,Jeffrey,1998-11-25,Ateneo de Manila University
595,Owens,Bianca,1992-05-09,Ateneo de Manila University
596,Webster,Quinton,1995-05-14,Ateneo de Manila University
597,Holder,Emiliano,1998-04-12,Ateneo de Manila University
598,Barnett,Ean,1994-06-14,Ateneo de Manila University
599,Wall,William,1996-10-25,Ateneo de Manila University
600,Fletcher,Jade,1997-04-29,Ateneo de Manila University
601,Terrell,Izabella,1993-04-09,Ateneo de Manila University
602,Reilly,Fiona,1993-06-20,Ateneo de Manila University
603,Buckley,Brinley,1994-08-15,Ateneo de Manila University
604,Russo,Ethen,1995-06-03,Ateneo de Manila University
605,Douglas,Aurora,1996-03-12,Ateneo de Manila University
606,Ware,Quinten,1992-05-25,Ateneo de Manila University
607,Mckenzie,June,1996-04-01,Ateneo de Manila University
608,Chavez,Alexander,1997-02-07,Ateneo de Manila University
609,Fuller,Gunnar,1996-01-18,Ateneo de Manila University
610,Dennis,Jordyn,1993-03-14,Ateneo de Manila University
611,Ewing,Itzel,1994-05-31,Ateneo de Manila University
612,Shaffer,Colten,1993-10-28,Ateneo de Manila University
613,Avila,Cohen,1997-02-01,Ateneo de Manila University
614,Benton,Celeste,1994-02-07,Ateneo de Manila University
615,Mcmahon,Rachel,1996-10-05,Ateneo de Manila University
616,Miles,Javion,1994-06-28,Ateneo de Manila University
617,Holcomb,Alfred,1993-08-24,Ateneo de Manila University
618,Green,Brogan,1996-07-26,Ateneo de Manila University
619,Meyers,Kylan,1994-06-27,Ateneo de Manila University
620,Wagner,Mya,1995-04-17,Ateneo de Manila University
621,Nunez,Jabari,1996-05-31,Ateneo de Manila University
622,Bender,Nova,1994-07-27,Ateneo de Manila University
623,Johnson,Reuben,1993-03-19,Ateneo de Manila University
624,Hewitt,Felipe,1994-10-10,Ateneo de Manila University
625,Riley,Graham,1993-08-26,Ateneo de Manila University
626,Rodriquez,Pamela,1995-04-05,Ateneo de Manila University
627,Wade,Dorian,1997-06-29,Ateneo de Manila University
628,Adkins,George,1994-06-13,Ateneo de Manila University
629,Poole,Sonny,1993-05-29,Ateneo de Manila University
630,Berg,Zavier,1997-08-23,Ateneo de Manila University
631,Glass,Dayana,1993-01-08,Ateneo de Manila University
632,Cabrera,Asa,1996-04-04,Ateneo de Manila University
633,Anderson,Joey,1994-08-15,Ateneo de Manila University
634,Le,Tessa,1997-04-22,Ateneo de Manila University
635,Bender,Mae,1994-05-20,Ateneo de Manila University
636,Holman,Israel,1993-06-30,Ateneo de Manila University
637,Murray,Lathan,1998-10-05,Ateneo de Manila University
638,Marshall,Edward,1997-07-04,Ateneo de Manila University
639,Herrera,Emely,1992-12-16,Ateneo de Manila University
640,Maxwell,Mckenzie,1998-06-16,Ateneo de Manila University
641,Wong,Dana,1997-12-15,Ateneo de Manila University
642,Hahn,Sariyah,1994-03-20,Ateneo de Manila University
643,Weber,Janessa,1996-03-07,Ateneo de Manila University
644,Perry,Nahla,1994-01-26,Ateneo de Manila University
645,Burton,Westin,1992-03-07,Ateneo de Manila University
646,Carr,Lexi,1992-02-19,Ateneo de Manila University
647,Melton,Francisco,1992-05-27,Ateneo de Manila University
648,Spears,Galilea,1998-08-03,Ateneo de Manila University
649,Thompson,Javion,1996-05-22,Ateneo de Manila University
650,Moore,Lesly,1998-03-13,Ateneo de Manila University
651,Williams,Jonathan,1995-03-13,Ateneo de Manila University
652,Foley,Andre,1992-05-29,Ateneo de Manila University
653,Cash,Amelia,1996-02-05,Ateneo de Manila University
654,Roberts,Jayla,1997-02-09,Ateneo de Manila University
655,Leach,Steve,1992-11-24,Ateneo de Manila University
656,Levine,Aliza,1992-01-03,Ateneo de Manila University
657,Holden,Myles,1996-01-09,Ateneo de Manila University
658,Odom,Jayden,1994-09-23,Ateneo de Manila University
659,Valencia,Celia,1995-11-08,Ateneo de Manila University
660,Odom,Valerie,1993-05-02,Ateneo de Manila University
661,Pugh,Ryder,1995-07-03,Ateneo de Manila University
662,Joseph,Bryleigh,1997-02-16,Ateneo de Manila University
663,Lyons,Ruth,1994-10-14,Ateneo de Manila University
664,Harvey,Jeremiah,1996-07-12,Ateneo de Manila University
665,Rosa,Dominik,1993-07-14,Ateneo de Manila University
666,Walton,Brodie,1995-01-06,Ateneo de Manila University
667,Stokes,Aidan,1997-09-27,Ateneo de Manila University
668,Mosley,Royce,1994-08-14,Ateneo de Manila University
669,Dickson,Dawson,1996-05-08,Ateneo de Manila University
670,Oneal,Gabriel,1998-12-21,Ateneo de Manila University
671,Sellers,Samantha,1997-05-08,Ateneo de Manila University
672,Franklin,Belen,1994-12-01,Ateneo de Manila University
673,Stewart,Adan,1998-01-28,Ateneo de Manila University
674,Olsen,Elliot,1995-02-16,Ateneo de Manila University
675,Leblanc,Frankie,1996-02-20,Ateneo de Manila University
676,Oliver,Kayden,1996-01-09,Ateneo de Manila University
677,Barton,Jessica,1998-09-02,Ateneo de Manila University
678,Hewitt,Kendra,1996-12-09,Ateneo de Manila University
679,Reyes,Holden,1994-12-09,Ateneo de Manila University
680,Beasley,Kenny,1996-01-06,Ateneo de Manila University
681,Alford,Amari,1997-04-19,Ateneo de Manila University
682,Contreras,Dustin,1994-05-31,Ateneo de Manila University
683,Gillespie,Angeline,1993-11-18,Ateneo de Manila University
684,Hart,Donovan,1998-12-17,Ateneo de Manila University
685,Knapp,June,1994-06-21,Ateneo de Manila University
686,Rogers,Chelsea,1996-04-01,Ateneo de Manila University
687,Hensley,Ross,1997-11-26,Ateneo de Manila University
688,Mejia,Devon,1994-03-10,Ateneo de Manila University
689,Barnes,Adrianna,1997-11-28,Ateneo de Manila University
690,Pena,Lana,1994-01-01,Ateneo de Manila University
691,Blackwell,Frank,1993-04-20,Ateneo de Manila University
692,Melton,Seth,1993-12-12,Ateneo de Manila University
693,Mckenzie,Enrique,1993-03-31,Ateneo de Manila University
694,Estrada,Adam,1993-12-25,Ateneo de Manila University
695,Russo,Rocco,1992-10-27,Ateneo de Manila University
696,Aguilar,Nora,1993-01-08,Ateneo de Manila University
697,Whitfield,Kody,1997-12-16,Ateneo de Manila University
698,Ross,Ryan,1993-08-11,Ateneo de Manila University
699,Atkins,Gracie,1992-10-09,Ateneo de Manila University
700,Pollard,Bo,1997-09-08,Ateneo de Manila University
701,Franklin,Dalton,1995-09-14,Ateneo de Manila University
702,Pierce,Dallas,1998-01-17,Ateneo de Manila University
703,Walter,Gideon,1997-09-18,Ateneo de Manila University
704,Brewer,Jaidyn,1992-11-18,Ateneo de Manila University
705,Mcintyre,Braiden,1996-08-07,Ateneo de Manila University
706,Phillips,Deangelo,1998-05-22,Ateneo de Manila University
707,Sutton,Chana,1993-12-04,Ateneo de Manila University
708,Mcneil,Sarah,1993-05-04,Ateneo de Manila University
709,Walker,Charleigh,1993-09-01,Ateneo de Manila University
710,Sandoval,Alena,1996-06-25,Ateneo de Manila University
711,Wilder,Brayan,1994-01-31,Ateneo de Manila University
712,Cole,Brenna,1994-07-28,Ateneo de Manila University
713,Norris,Keenan,1992-01-15,Ateneo de Manila University
714,Hanson,Gustavo,1992-10-08,Ateneo de Manila University
715,Soto,Clarissa,1994-01-27,Ateneo de Manila University
716,Hawkins,Lauryn,1992-05-03,Ateneo de Manila University
717,Buchanan,Ramiro,1993-03-05,Ateneo de Manila University
718,Hewitt,Fatima,1998-06-14,Ateneo de Manila University
719,Chen,Deegan,1993-03-10,Ateneo de Manila University
720,Wise,Brandon,1997-11-20,Ateneo de Manila University
721,Lopez,Karlee,1995-06-07,Ateneo de Manila University
722,Dixon,Alice,1995-11-13,Ateneo de Manila University
723,Mullins,Kaiden,1996-07-26,Ateneo de Manila University
724,Sweeney,Darien,1996-03-10,Ateneo de Manila University
725,Baxter,Audrina,1994-03-01,Ateneo de Manila University
726,Hernandez,Genesis,1998-11-23,Ateneo de Manila University
727,Miles,Monica,1992-10-27,Ateneo de Manila University
728,Knight,Randall,1992-01-14,Ateneo de Manila University
729,Holden,Ty,1996-10-14,Ateneo de Manila University
730,Kaufman,Drew,1996-11-11,Ateneo de Manila University
731,Potts,Braxton,1996-06-01,Ateneo de Manila University
732,Small,Titus,1995-06-07,Ateneo de Manila University
733,Cline,Leighton,1997-05-24,Ateneo de Manila University
734,Bentley,Jadyn,1995-04-12,Ateneo de Manila University
735,Mcmillan,Reagan,1998-06-14,Ateneo de Manila University
736,Holmes,Lila,1995-05-02,Ateneo de Manila University
737,Deleon,Conor,1992-10-26,Ateneo de Manila University
738,Moon,Erica,1995-06-25,Ateneo de Manila University
739,Newman,Eileen,1998-10-18,Ateneo de Manila University
740,Owen,Aryan,1997-11-21,Ateneo de Manila University
741,Mcintyre,Cameron,1995-10-08,Ateneo de Manila University
742,Mack,Brice,1997-11-07,Ateneo de Manila University
743,Daugherty,Trystan,1997-02-25,Ateneo de Manila University
744,Dean,Jeffery,1997-06-29,Ateneo de Manila University
745,Barnett,Rogelio,1992-09-21,Ateneo de Manila University
746,Conley,August,1998-08-22,Ateneo de Manila University
747,Austin,Maliah,1995-07-01,Ateneo de Manila University
748,Mays,Josiah,1996-01-14,Ateneo de Manila University
749,Griffin,Nicole,1992-04-19,Ateneo de Manila University
750,Vance,Fernanda,1992-01-09,Ateneo de Manila University
751,Faulkner,Channing,1994-11-08,Ateneo de Manila University
752,Mccray,Lizbeth,1996-12-26,Ateneo de Manila University
753,Cobb,Halle,1994-08-17,Ateneo de Manila University
754,Church,Princeton,1996-09-23,Ateneo de Manila University
755,Sykes,Ernesto,1994-11-11,Ateneo de Manila University
756,Marshall,Allison,1994-12-07,Ateneo de Manila University
757,Cabrera,Julien,1997-01-28,Ateneo de Manila University
758,Callahan,Kyra,1993-04-06,Ateneo de Manila University
759,Callahan,Ruben,1998-11-08,Ateneo de Manila University
760,Shaw,Kaia,1993-07-19,Ateneo de Manila University
761,Cardenas,Alayna,1998-02-09,Ateneo de Manila University
762,Hall,Issac,1994-02-28,Ateneo de Manila University
763,Humphrey,Brynn,1992-08-19,Ateneo de Manila University
764,Cohen,Zane,1992-07-13,Ateneo de Manila University
765,Willis,Sidney,1993-11-25,Ateneo de Manila University
766,Holt,Danna,1997-09-05,Ateneo de Manila University
767,Miranda,Desiree,1992-11-16,Ateneo de Manila University
768,Barber,Agustin,1992-06-05,Ateneo de Manila University
769,Holt,Maxim,1996-03-27,Ateneo de Manila University
770,Pugh,Rowen,1995-05-09,Ateneo de Manila University
771,Hunter,Hugh,1993-07-19,Ateneo de Manila University
772,Drake,Ty,1998-10-07,Ateneo de Manila University
773,Roy,Kayson,1998-02-19,Ateneo de Manila University
774,Parrish,Orion,1998-02-03,Ateneo de Manila University
775,Merrill,Ahmed,1998-01-24,Ateneo de Manila University
776,Perez,Hope,1996-07-06,Ateneo de Manila University
777,Cotton,Kaeden,1994-02-07,Ateneo de Manila University
778,Daugherty,Skylar,1995-04-25,Ateneo de Manila University
779,Hill,Robert,1996-08-05,Ateneo de Manila University
780,Farmer,Julianna,1995-02-03,Ateneo de Manila University
781,Gregory,Bianca,1992-03-14,Ateneo de Manila University
782,Prince,Sasha,1996-12-31,Ateneo de Manila University
783,Larson,Maritza,1992-06-15,Ateneo de Manila University
784,Hines,Braylen,1994-09-18,Ateneo de Manila University
785,Burgess,Arielle,1995-07-13,Ateneo de Manila University
786,Alston,Braylin,1997-12-25,Ateneo de Manila University
787,Wiley,Graysen,1995-11-21,Ateneo de Manila University
788,Hogan,Whitney,1996-04-21,Ateneo de Manila University
789,Howe,Evie,1993-02-04,Ateneo de Manila University
790,Levine,Tripp,1995-12-16,Ateneo de Manila University
791,Byrd,Sharon,1992-07-12,Ateneo de Manila University
792,Dennis,Charlotte,1992-07-22,Ateneo de Manila University
793,Fernandez,Makhi,1996-01-03,Ateneo de Manila University
794,Thompson,Malachi,1992-05-30,Ateneo de Manila University
795,Nixon,Corey,1996-05-06,Ateneo de Manila University
796,Sosa,Kristina,1995-07-20,Ateneo de Manila University
797,Edwards,Kairi,1994-10-05,Ateneo de Manila University
798,Brown,Sterling,1996-04-27,Ateneo de Manila University
799,Schmidt,Rayan,1993-03-26,Ateneo de Manila University
800,Barnes,Bryanna,1996-04-25,Ateneo de Manila University
801,Reilly,Tamia,1996-11-19,Ateneo de Manila University
802,Patton,Alexandra,1995-04-20,Ateneo de Manila University
803,Weeks,Laurel,1992-10-14,Ateneo de Manila University
804,Hyde,Brenna,1998-08-28,Ateneo de Manila University
805,Everett,Nina,1994-12-10,Ateneo de Manila University
806,Kelley,Melissa,1998-03-13,Ateneo de Manila University
807,Brooks,Mikayla,1992-12-27,Ateneo de Manila University
808,Underwood,Blaise,1993-01-20,Ateneo de Manila University
809,Johnston,Michaela,1996-08-07,Ateneo de Manila University
810,Terry,Lacey,1998-06-21,Ateneo de Manila University
811,Perry,Brenna,1992-05-17,Ateneo de Manila University
812,Schneider,Taliyah,1992-03-20,Ateneo de Manila University
813,Mercado,Maverick,1997-08-25,Ateneo de Manila University
814,Houston,Kayden,1993-03-24,Ateneo de Manila University
815,Washington,Daniella,1996-10-29,Ateneo de Manila University
816,Salinas,Adriel,1996-02-21,Ateneo de Manila University
817,Kerr,Odin,1996-09-05,Ateneo de Manila University
818,Kidd,Scarlett,1992-10-21,Ateneo de Manila University
819,Steele,Brysen,1997-11-01,Ateneo de Manila University
820,Shepard,Celeste,1994-10-26,Ateneo de Manila University
821,Olsen,Dillon,1996-05-10,Ateneo de Manila University
822,Harrison,Deanna,1997-07-27,Ateneo de Manila University
823,Saunders,Kimberly,1998-05-18,Ateneo de Manila University
824,Small,Delaney,1996-05-17,Ateneo de Manila University
825,Holt,Ivan,1995-07-08,Ateneo de Manila University
826,Juarez,Lauryn,1995-09-08,Ateneo de Manila University
827,Rogers,Keegan,1993-12-11,Ateneo de Manila University
828,Page,Caydence,1992-08-19,Ateneo de Manila University
829,Cash,Cindy,1994-01-04,Ateneo de Manila University
830,Harrington,Mckenna,1993-04-12,Ateneo de Manila University
831,Rhodes,Taraji,1997-12-11,Ateneo de Manila University
832,Cochran,Lindsay,1996-04-25,Ateneo de Manila University
833,Hinton,Cruz,1998-04-18,Ateneo de Manila University
834,Pennington,Alayah,1993-11-13,Ateneo de Manila University
835,Mclean,Lena,1994-07-11,Ateneo de Manila University
836,Solis,Calvin,1997-12-11,Ateneo de Manila University
837,Black,Sylvia,1994-02-15,Ateneo de Manila University
838,Dodson,Alvin,1993-05-27,Ateneo de Manila University
839,Frederick,Jaiden,1997-02-13,Ateneo de Manila University
840,Allison,Miah,1996-02-17,Ateneo de Manila University
841,Lane,Leona,1996-03-28,Ateneo de Manila University
842,Cohen,Mauricio,1997-08-31,Ateneo de Manila University
843,Dalton,Anika,1996-09-28,Ateneo de Manila University
844,Newton,Derek,1994-04-06,Ateneo de Manila University
845,Calderon,Cody,1994-01-19,Ateneo de Manila University
846,Ewing,Larissa,1996-10-14,Ateneo de Manila University
847,Harding,Rowan,1993-03-21,Ateneo de Manila University
848,Hoover,Cristopher,1992-01-23,Ateneo de Manila University
849,Frazier,Camille,1997-05-11,Ateneo de Manila University
850,Hall,Zaria,1995-01-14,Ateneo de Manila University
851,Gardner,Liv,1996-08-08,Ateneo de Manila University
852,Ferguson,Matthew,1995-11-21,Ateneo de Manila University
853,Reynolds,Matthias,1996-05-11,Ateneo de Manila University
854,Wade,Giovanni,1993-07-11,Ateneo de Manila University
855,Frank,Kason,1996-02-13,Ateneo de Manila University
856,Gardner,Emilie,1994-02-24,Ateneo de Manila University
857,Burton,Ralph,1993-04-13,Ateneo de Manila University
858,Cooke,Ean,1997-04-17,Ateneo de Manila University
859,Tillman,Mohammad,1998-10-21,Ateneo de Manila University
860,Tran,Jerome,1993-09-21,Ateneo de Manila University
861,Owen,Lillie,1992-08-05,Ateneo de Manila University
862,Lynn,Lorelai,1995-10-05,Ateneo de Manila University
863,Figueroa,Ashley,1995-02-11,Ateneo de Manila University
864,Hickman,Annabelle,1998-09-22,Ateneo de Manila University
865,Gross,Julien,1993-06-08,Ateneo de Manila University
866,Mccray,Jada,1992-09-23,Ateneo de Manila University
867,Harding,Steven,1997-10-20,Ateneo de Manila University
868,Kidd,Julien,1993-07-13,Ateneo de Manila University
869,Black,Analia,1992-10-22,Ateneo de Manila University
870,Morse,Marcos,1997-03-19,Ateneo de Manila University
871,Parrish,Elvis,1998-10-25,Ateneo de Manila University
872,Hahn,Bryant,1998-05-07,Ateneo de Manila University
873,Reid,Mekhi,1998-06-17,Ateneo de Manila University
874,Kennedy,Ulises,1996-05-02,Ateneo de Manila University
875,Dillon,Dorothy,1998-10-24,Ateneo de Manila University
876,Welch,Luka,1998-02-18,Ateneo de Manila University
877,Duran,Yareli,1994-08-14,Ateneo de Manila University
878,Mercado,Amaya,1992-12-21,Ateneo de Manila University
879,Holmes,Calvin,1996-07-13,Ateneo de Manila University
880,Dunlap,Braydon,1998-03-07,Ateneo de Manila University
881,Chen,Delilah,1993-04-09,Ateneo de Manila University
882,Singleton,Rodolfo,1998-02-17,Ateneo de Manila University
883,Talley,Alisson,1997-07-13,Ateneo de Manila University
884,Hoover,Reese,1997-05-19,Ateneo de Manila University
885,Guerra,Elin,1997-06-01,Ateneo de Manila University
886,Wheeler,Abbey,1994-04-20,Ateneo de Manila University
887,Holt,Devon,1996-01-21,Ateneo de Manila University
888,Hopkins,Luca,1992-04-13,Ateneo de Manila University
889,Hooper,Gustavo,1992-04-06,Ateneo de Manila University
890,Patterson,Dawson,1997-10-03,Ateneo de Manila University
891,Kirk,Kade,1996-09-21,Ateneo de Manila University
892,Torres,Giovanny,1994-05-15,Ateneo de Manila University
893,Hansen,Xander,1997-11-02,Ateneo de Manila University
894,Hansen,Paulina,1997-05-24,Ateneo de Manila University
895,Vaughan,Luciana,1997-07-01,Ateneo de Manila University
896,Holman,Stephen,1994-08-05,Ateneo de Manila University
897,Farmer,Salvatore,1994-04-04,Ateneo de Manila University
898,Spencer,Quinten,1997-01-16,Ateneo de Manila University
899,Boyle,Ayden,1992-04-26,Ateneo de Manila University
900,Hughes,Curtis,1997-01-09,Ateneo de Manila University
901,Bradshaw,Jaida,1996-05-31,Ateneo de Manila University
902,Franco,Ashlynn,1992-03-04,Ateneo de Manila University
903,Blake,Mauricio,1995-05-04,Ateneo de Manila University
904,Hart,Haylee,1998-03-07,Ateneo de Manila University
905,Mullins,Solomon,1997-02-06,Ateneo de Manila University
906,Snow,Peyton,1997-01-08,Ateneo de Manila University
907,Baird,Kayden,1996-11-18,Ateneo de Manila University
908,Hendrix,Ainsley,1995-02-14,Ateneo de Manila University
909,Barrett,Bryanna,1993-07-02,Ateneo de Manila University
910,Marquez,Zayne,1992-06-28,Ateneo de Manila University
911,Wagner,Katherine,1993-08-04,Ateneo de Manila University
912,Oneill,Anders,1995-03-07,Ateneo de Manila University
913,Steele,Amanda,1997-04-27,Ateneo de Manila University
914,Steele,Hailey,1995-06-17,Ateneo de Manila University
915,Jefferson,Jairo,1994-01-26,Ateneo de Manila University
916,Wolfe,Regan,1995-04-19,Ateneo de Manila University
917,Lynch,Alexis,1995-01-06,Ateneo de Manila University
918,Valdez,Danny,1995-02-23,Ateneo de Manila University
919,Thomas,Amara,1993-03-20,Ateneo de Manila University
920,Guzman,Emilio,1994-06-13,Ateneo de Manila University
921,Miller,Alexia,1996-10-08,Ateneo de Manila University
922,Callahan,Corinne,1998-07-30,Ateneo de Manila University
923,Stokes,Eve,1996-10-25,Ateneo de Manila University
924,Watson,Kellan,1992-01-25,Ateneo de Manila University
925,Dorsey,Franco,1998-04-19,Ateneo de Manila University
926,Stewart,Nicole,1996-08-14,Ateneo de Manila University
927,Boyer,Brock,1995-10-06,Ateneo de Manila University
928,Burks,Conner,1995-11-19,Ateneo de Manila University
929,Rollins,Colten,1993-07-11,Ateneo de Manila University
930,Mccarthy,London,1998-01-14,Ateneo de Manila University
931,Ewing,Elias,1994-08-12,Ateneo de Manila University
932,Petersen,Kara,1993-02-24,Ateneo de Manila University
933,Vega,Carla,1995-03-11,Ateneo de Manila University
934,Mayer,Keyon,1997-02-20,Ateneo de Manila University
935,Hamilton,Angelina,1997-06-23,Ateneo de Manila University
936,Gallegos,Amalia,1997-05-21,Ateneo de Manila University
937,Mccoy,Meadow,1993-12-08,Ateneo de Manila University
938,Mills,Barrett,1996-03-06,Ateneo de Manila University
939,Hester,Pierce,1992-05-18,Ateneo de Manila University
940,Cherry,Shane,1993-01-24,Ateneo de Manila University
941,Soto,Grady,1995-05-09,Ateneo de Manila University
942,Murray,Phillip,1996-03-09,Ateneo de Manila University
943,Hebert,Grant,1996-04-01,Ateneo de Manila University
944,Clarke,Lucia,1993-01-24,Ateneo de Manila University
945,Carey,Cale,1996-12-02,Ateneo de Manila University
946,Shepherd,Haylie,1997-02-03,Ateneo de Manila University
947,Cunningham,Julian,1996-09-07,Ateneo de Manila University
948,Boone,Demi,1996-04-15,Ateneo de Manila University
949,Larsen,Eleanor,1994-03-30,Ateneo de Manila University
950,Knapp,Janet,1995-01-09,Ateneo de Manila University
951,Mercer,Dominick,1996-05-16,Ateneo de Manila University
952,Aguilar,Jayden,1998-09-27,Ateneo de Manila University
953,Rosario,Matthew,1998-12-08,Ateneo de Manila University
954,Meadows,Lilia,1996-05-22,Ateneo de Manila University
955,Bowen,Cade,1993-03-31,Ateneo de Manila University
956,Booth,Kyndall,1995-04-29,Ateneo de Manila University
957,Cook,Terrence,1993-03-16,Ateneo de Manila University
958,Charles,Trevon,1995-04-06,Ateneo de Manila University
959,Stark,Ellis,1995-02-10,Ateneo de Manila University
960,Wolfe,Warren,1992-05-27,Ateneo de Manila University
961,Talley,Josie,1997-06-20,Ateneo de Manila University
962,White,Blaise,1992-08-04,Ateneo de Manila University
963,Haney,Maleah,1992-04-26,Ateneo de Manila University
964,Walter,Bentley,1995-08-01,Ateneo de Manila University
965,Swanson,Jakayla,1992-11-24,Ateneo de Manila University
966,Perez,Lola,1995-04-08,Ateneo de Manila University
967,Sherman,Corban,1994-05-18,Ateneo de Manila University
968,Odonnell,Ruth,1995-08-04,Ateneo de Manila University
969,Stark,London,1997-06-27,Ateneo de Manila University
970,Wood,Joey,1995-03-08,Ateneo de Manila University
971,Kirby,Jaron,1995-01-03,Ateneo de Manila University
972,Ferrell,Maurice,1997-03-09,Ateneo de Manila University
973,Robles,Pearl,1998-01-28,Ateneo de Manila University
974,Love,Harvey,1995-10-13,Ateneo de Manila University
975,Calderon,Fabian,1996-08-11,Ateneo de Manila University
976,Weaver,Danna,1993-11-20,Ateneo de Manila University
977,Juarez,Jasmine,1996-11-26,Ateneo de Manila University
978,Mullins,Mattie,1994-01-10,Ateneo de Manila University
979,Burton,Jayden,1994-07-01,Ateneo de Manila University
980,Knight,Leonardo,1998-11-19,Ateneo de Manila University
981,Riley,Soren,1998-04-01,Ateneo de Manila University
982,Holloway,Maxwell,1998-10-28,Ateneo de Manila University
983,Rose,Esmeralda,1997-01-28,Ateneo de Manila University
984,Hickman,Wendy,1998-10-10,Ateneo de Manila University
985,Avery,James,1996-09-25,Ateneo de Manila University
986,Chavez,Madilyn,1994-07-21,Ateneo de Manila University
987,Blankenship,Aiyana,1992-12-07,Ateneo de Manila University
988,Kelly,Johan,1996-12-09,Ateneo de Manila University
989,Griffith,Rachel,1996-07-17,Ateneo de Manila University
990,Harrington,Bowen,1996-12-28,Ateneo de Manila University
991,Edwards,Sidney,1992-05-30,Ateneo de Manila University
992,Hughes,Hendrix,1993-12-20,Ateneo de Manila University
993,Reeves,Aviana,1995-05-02,Ateneo de Manila University
994,Hartman,Jaydon,1998-02-28,Ateneo de Manila University
995,Cline,Lennon,1992-12-22,Ateneo de Manila University
996,Powers,Kyndall,1997-08-25,Ateneo de Manila University
997,Patterson,Darwin,1993-10-04,Ateneo de Manila University
998,Waller,Maya,1995-12-09,Ateneo de Manila University
999,Hernandez,Maddison,1995-11-15,Ateneo de Manila University
1000,Rowland,Taliyah,1995-09-08,Ateneo de Manila University
1001,Justice,Danielle,1993-05-30,Ateneo de Manila University
1002,Good,Ethan,1994-08-16,Ateneo de Manila University
1003,Wallace,Chanel,1992-10-14,Ateneo de Manila University
1004,Clayton,Adyson,1998-01-25,Ateneo de Manila University
1005,Mendez,Aryan,1994-09-02,Ateneo de Manila University
1006,Flynn,Anna,1995-09-08,Ateneo de Manila University
1007,Garza,Raelyn,1993-09-14,Ateneo de Manila University
1008,Gamble,Desmond,1997-07-20,Ateneo de Manila University
1009,Watts,Kason,1993-11-08,Ateneo de Manila University
1010,Ferguson,Elliana,1996-01-04,Ateneo de Manila University
1011,Higgins,Otto,1992-08-23,Ateneo de Manila University
1012,Gonzalez,Thalia,1993-06-02,Ateneo de Manila University
1013,Vaughan,Maia,1993-01-11,Ateneo de Manila University
1014,Justice,Melina,1995-03-01,Ateneo de Manila University
1015,Herrera,Eden,1996-12-30,Ateneo de Manila University
1016,Massey,April,1998-09-09,Ateneo de Manila University
1017,Hatfield,Laila,1996-04-13,Ateneo de Manila University
1018,Skinner,Hudson,1992-06-23,Ateneo de Manila University
1019,Blankenship,Riley,1993-08-16,Ateneo de Manila University
1020,Hernandez,Rodolfo,1997-02-06,Ateneo de Manila University
1021,Morris,Kason,1998-04-09,Ateneo de Manila University
1022,Parsons,Lilian,1996-04-22,Ateneo de Manila University
1023,Valencia,Davon,1994-04-17,Ateneo de Manila University
1024,Dyer,Edith,1993-11-16,Ateneo de Manila University
1025,Harding,Kaelyn,1995-03-26,Ateneo de Manila University
1026,Frye,Lewis,1995-05-24,Ateneo de Manila University
1027,Dickerson,Anika,1998-03-28,Ateneo de Manila University
1028,Alston,Jeffery,1996-09-19,Ateneo de Manila University
1029,Lott,Jordan,1994-09-26,Ateneo de Manila University
1030,Beasley,Janelle,1994-09-10,Ateneo de Manila University
1031,Howe,Carlee,1992-07-29,Ateneo de Manila University
1032,Foley,Drew,1997-07-17,Ateneo de Manila University
1033,Sampson,Javion,1993-11-15,Ateneo de Manila University
1034,Wilkinson,Gaige,1993-06-04,Ateneo de Manila University
1035,Young,Skylar,1997-05-14,Ateneo de Manila University
1036,Davenport,Carlee,1994-03-27,Ateneo de Manila University
1037,Kidd,Renata,1998-02-15,Ateneo de Manila University
1038,Terrell,Silas,1997-02-19,Ateneo de Manila University
1039,Cannon,Melvin,1995-10-25,Ateneo de Manila University
1040,Hunt,Emery,1998-07-06,Ateneo de Manila University
1041,Head,Nathaly,1992-11-28,Ateneo de Manila University
1042,Best,Justus,1997-10-29,Ateneo de Manila University
1043,Camacho,Quentin,1997-09-05,Ateneo de Manila University
1044,Wynn,Elin,1994-03-20,Ateneo de Manila University
1045,Marks,Samuel,1992-01-20,Ateneo de Manila University
1046,Case,Sage,1998-02-17,Ateneo de Manila University
1047,Warren,Julian,1996-12-15,Ateneo de Manila University
1048,Davenport,Connor,1997-05-07,Ateneo de Manila University
1049,Johns,Alfonso,1997-04-03,Ateneo de Manila University
1050,Gallegos,Nehemiah,1997-06-14,Ateneo de Manila University
1051,Alimurong,Ava Danica,1990-01-28,De La Salle University
1052,Baldemor,Deanne Cayne,1990-03-28,De La Salle University
1053,Baluca,Karl Mikhail,1992-02-28,De La Salle University
1054,Banawa,Yuri,1990-05-09,De La Salle University
1055,Banda,Veeyay Rexel,1990-08-05,De La Salle University
1056,Barin,Laurence Daryl,1990-08-07,De La Salle University
1057,Barros,Renzell David,1992-03-07,De La Salle University
1058,Camilon,Vincent Ulap,1992-03-16,De La Salle University
1059,Caares,Raffy,1990-10-31,De La Salle University
1060,Capistrano,Neil Cydric,1990-09-28,De La Salle University
1061,Casas,Paula Andrea,1992-04-28,De La Salle University
1062,Cauyao,Bianca Marie,1992-08-29,De La Salle University
1063,Cayabyab,George Jose,1990-09-30,De La Salle University
1064,Centeno,Aztec Daniel,1992-10-25,De La Salle University
1065,Cereno Iv,Ramon Jericho,1990-11-06,De La Salle University
1066,Cobankiat,Ralph Reinier,1992-11-06,De La Salle University
1067,Dagunton,Dominique,1991-02-16,De La Salle University
1068,De Guzman,Alvin,1991-06-24,De La Salle University
1069,Dela Cruz,Kevin Michael,1993-01-26,De La Salle University
1070,Diaz,Gian Bernnice,1991-07-21,De La Salle University
1071,Divinagracia,Jonas Lanz,1993-02-17,De La Salle University
1072,Ebol,Kurt Ryu Josef,1991-11-06,De La Salle University
1073,Espiritu,Alexander Jr.,1991-12-17,De La Salle University
1074,Fernandez,Francis John,1991-12-19,De La Salle University
1075,Flores,Markus Luis,1993-04-20,De La Salle University
1076,Francisco,Antonio Jorge,1992-03-30,De La Salle University
1077,Galang,Paul Armand,1992-04-12,De La Salle University
1078,Gellada,Lorenzo,1993-06-13,De La Salle University
1079,Isidro,Reynaldo Miguel,1992-04-16,De La Salle University
1080,Isleta,Timothy Lawrence,1992-06-10,De La Salle University
1081,Jarina,Paul Jason,1993-07-03,De La Salle University
1082,King,Hannie Rachel,1993-12-16,De La Salle University
1083,Laguio,Juliano,1992-07-10,De La Salle University
1084,Laid,Ana Francesca,1994-04-26,De La Salle University
1085,Lariza,Christian Jasper,1994-11-16,De La Salle University
1086,Libed,Karmela Louise,1993-09-14,De La Salle University
1087,Limheya,Aldrich,1990-04-22,De La Salle University
1088,Lopez-pozas,Julia Anastasha,1990-05-13,De La Salle University
1089,Magtoto,Aliana,1993-11-22,De La Salle University
1090,Malabuyo,Karl Isaac,1993-11-26,De La Salle University
1091,Mariano,Jose Gabriel,1990-07-28,De La Salle University
1092,Medina,Frances Adrianne,1994-04-23,De La Salle University
1093,Mendoza,Lourdes,1992-09-24,De La Salle University
1094,Mendoza,Ronnel,1994-12-23,De La Salle University
1095,Metharam,John Carlo,1990-09-23,De La Salle University
1096,Miguel,John Christian,1991-01-31,De La Salle University
1097,Molina,Ieko Lo,1990-06-07,De La Salle University
1098,Oblepias,Gienoe,1990-10-07,De La Salle University
1099,Oate,Kim,1990-12-11,De La Salle University
1100,Ordones,Jan Pauline Mae,1990-11-09,De La Salle University
1101,Panaligan,Jushmel,1991-03-17,De La Salle University
1102,Parayno,Richard Lance,1991-03-30,De La Salle University
1103,Payumo,Ralitsa Edna,1991-05-16,De La Salle University
1104,Perez,Sean,1991-07-29,De La Salle University
1105,Ranario,Daniel,1991-08-25,De La Salle University
1106,Reyes,Christian Glenn,1991-05-11,De La Salle University
1107,Ricafort,Julienne Michaela,1991-10-07,De La Salle University
1108,Samontina,Timothy Pierce,1991-11-08,De La Salle University
1109,San Pedro,Elijah,1993-01-20,De La Salle University
1110,Santos,Christin,1990-01-12,De La Salle University
1111,Sayson,Rafael Santiago,1990-02-03,De La Salle University
1112,Silan,Christian Erin Faith,1990-03-31,De La Salle University
1113,Songco,Maria Geraldine,1990-04-17,De La Salle University
1114,Tan,Angel Phonzo,1990-04-22,De La Salle University
1115,Tan,Arvin Lauren,1990-05-13,De La Salle University
1116,Tan,Carl Aaron,1993-07-14,De La Salle University
1117,Tan,Cathrina Eloisa,1993-08-28,De La Salle University
1118,Tan,Elizabeth,1994-01-31,De La Salle University
1119,Tanenggee,Marc Glennrick,1991-10-20,De La Salle University
1120,Tayong,Denmark,1994-03-19,De La Salle University
1121,Tin,Darrell Dane,1994-06-17,De La Salle University
1122,Toleran Jr.,Manuel Carl,1991-11-20,De La Salle University
1123,Young,Robin,1992-01-23,De La Salle University
1124,Zamora,Abigail,1994-06-20,De La Salle University
